Customer Name, Country
Anders Maria, Germany
Trujillo Ana, Mexico
Moreno Antonio, Mexico
Hardy Thomas, UK
Berglund Christina, Sweden
Moos Hanna, Germany
Citeaux Frederique, France
Sommer Martin, Spain
Lebihan Laurence, France
Lincoln Elizabeth, Canada
Ashworth Victoria, UK
Simpson Patricio, Argentina
Chang Francisco, Mexico
Wang Yang, Switzerland
Afonso Pedro, Brazil
Brown Elizabeth, UK
Ottlieb Sven, Germany
Labrune Janine, France
Devon Ann, UK
Mendel Roland, Austria
Cruz Aria, Brazil
Roel Diego, Spain
Rancé Martine, France
Larsson Maria, Sweden
Franken Peter, Germany
Schmitt Carine, France
Accorti Paolo, Italy
Rodriguez Lino, Portugal
Saavedra Eduardo, Spain
Pedro Freyre José, Spain
Fonseca André, Brazil
Snyder Howard, USA
Pereira Manuel, Venezuela
Pontes Mario, Brazil
Hernández Carlos, Venezuela
Latimer Yoshi, USA
McKenna Patricia, Ireland
Bennett Helen, UK
Cramer Philip, Germany
Tonini Daniel, France
Roulet Annette, France
Tannamuri Yoshi, Canada
Steel John, USA
Messner Renate, Germany
Yorres Jaime, USA
González Carlos, Venezuela
Izquierdo Felipe, Venezuela
Wilson Fran, USA
Rovelli Giovanni, Italy
Dewey Catherine, Belgium
Fresnière Jean, Canada
Feuer Alexander, Germany
Crowther Simon, UK
Moncada Yvonne, Argentina
Phillips Rene, USA
Pfalzheim Henriette, Germany
Bertrand Marie, France
Fernández Guillermo, Mexico
Pipps Georg, Austria
de Castro Isabel, Portugal
Batista Bernardo, Brazil
Carvalho Lúcia, Brazil
Kloss Horst, Germany
Gutiérrez Sergio, Argentina
Wilson Paula, USA
Moroni Maurizio, Italy
Limeira Janete, Brazil
Holz Michael, Switzerland
Camino Alejandra, Spain
Bergulfsen Jonas, Norway
Pavarotti Jose, USA
Kumar Hari, UK
Petersen Jytte, Denmark
Perrier Dominique, France
Braunschweiger Art, USA
Cartrain Pascale, Belgium
Nixon Liz, USA
Wong Liu, USA
Josephs Karin, Germany
Angel Paolino Miguel, Mexico
Domingues Anabela, Brazil
Nagy Helvetius, USA
Ibsen Palle, Denmark
Saveley Mary, France
Henriot Paul, France
Müller Rita, Germany
Koskitalo Pirkko, Finland
Parente Paula, Brazil
Jablonski Karl, USA
Karttunen Matti, Finland
Piestrzeniewicz Zbyszek, Poland
